{
  "feature_0": 0.04022882566601533,
  "feature_1": 0.15804420773162445,
  "feature_2": 0.09219451711481852,
  "feature_3": 0.14473708422859258,
  "feature_4": 0.042802617509439,
  "feature_5": 0.2968097824115837,
  "feature_6": 0.04541813253490964,
  "feature_7": 0.032342221561753134,
  "feature_8": 0.07684898233685618,
  "feature_9": 0.04635783393687789,
  "feature_10": 0.024215794967529698
}